{
  "Component-preload.js": 1728537517675,
  "ext/fragment/Attach_File.js": 1728218363813,
  "ext/fragment/Payment.js": 1728367474912,
  "ext/fragment/Comments_History.js": 1728470103107,
  "ext/fragment/Price.js": 1727925972000,
  "ext/controller/ViewPayment.js": 1728294223385,
  "ext/controller/Show_Comments.js": 1728379997447,
  "ext/controller/ObjPage_Sales.controller.js": 1728474709559,
  "ext/controller/Listpage_sales.controller.js": 1728019624000,
  "manifest.json": 1728537517400,
  "Component.js": 1727925972000,
  "ext/fragment/Price-dbg.js": 1727925972000,
  "ext/fragment/Price.js.map": 1728537517551,
  "ext/fragment/Payment-dbg.js": 1728367474912,
  "ext/fragment/Payment.js.map": 1728537517545,
  "ext/fragment/Comments_History-dbg.js": 1728470103107,
  "ext/fragment/Comments_History.js.map": 1728537517586,
  "ext/fragment/Attach_File-dbg.js": 1728218363813,
  "ext/fragment/Attach_File.js.map": 1728537517591,
  "ext/controller/ViewPayment-dbg.js": 1728294223385,
  "ext/controller/ViewPayment.js.map": 1728537517546,
  "ext/controller/Show_Comments-dbg.js": 1728379997447,
  "ext/controller/Show_Comments.js.map": 1728537517547,
  "ext/controller/ObjPage_Sales-dbg.controller.js": 1728474709559,
  "ext/controller/ObjPage_Sales.controller.js.map": 1728537517598,
  "ext/controller/Listpage_sales-dbg.controller.js": 1728019624000,
  "ext/controller/Listpage_sales.controller.js.map": 1728537517591,
  "Component-dbg.js": 1727925972000,
  "Component.js.map": 1728537517589,
  "i18n/i18n.properties": 1727925972000,
  "Component-preload.js.map": 1728537517675,
  "ext/fragment/Price.fragment.xml": 1727925972000,
  "ext/fragment/Payment.fragment.xml": 1728381493815,
  "ext/fragment/Comments_History.fragment.xml": 1728473996559,
  "ext/fragment/Attach_File.fragment.xml": 1728112503004,
  "index.html": 1727925972000
}